<?xml version="1.0" encoding="UTF-8" standalone="yes" ?>
<dg-sp-config>
	<instances>
		<instance name="SharePoint dev1 instance on sp10eng" host="sp10eng" port="80" secure="false">
			<web-services>
				<web-service name="Lists Web Service" uri="/_vti_bin/lists.asmx"/>
			</web-services>
			<sites>
				<site uri="/sites/dgmj/"/>
				<site uri="/sites/qa/"/>
				<site uri="/"/>
				<!-- add additional sites here -->
			</sites>
		</instance>
		<!-- add additional instance here -->
	</instances>
</dg-sp-config>