<?xml version="1.0" encoding="utf-8"?>
<soap:Envelope xmlns:xsi="http://www.w3.org/2001/XMLSchema-instance" xmlns:xsd="http://www.w3.org/2001/XMLSchema" xmlns:soap="http://schemas.xmlsoap.org/soap/envelope/">
  <soap:Body>
    <UpdateList xmlns="http://schemas.microsoft.com/sharepoint/soap/">
      <listName>{0}</listName>
      <listProperties>{1}</listProperties>
      <newFields>{2}</newFields>
      <updateFields>{3}</updateFields>
      <deleteFields>{4}</deleteFields>
      <listVersion>{5}</listVersion>
    </UpdateList>
  </soap:Body>
</soap:Envelope>